id,sistema_electrico,provincia,comuna,consumo_kw
152,SIC,MELIPILLA,MELIPILLA,13030
604,SIC,SAN FELIPE DE ACONCAGUA,LLAILLAY,12764
165,SIC,CONCEPCION,PENCO,12160
1071,SIC,HUASCO,FREIRINA,11686
237,SIC,COPIAPO,COPIAPO,10100
678,SIC,MALLECO,COLLIPULLI,11632
387,SIC,ANTOFAGASTA,TALTAL,13102
57,AYSEN,CAPITAN PRAT,COCHRANE,11337
956,SIC,SANTIAGO,LO ESPEJO,12415
1152,SIC,CURICO,CURICO,11947
1330,SIC,CACHAPOAL,MALLOA,10842
888,SIC,SAN ANTONIO,EL TABO,11478
753,SIC,BIOBIO,ANTUCO,11653
851,SIC,SANTIAGO,PENALOLEN,12043
123,SIC,SANTIAGO,PUDAHUEL,10085
230,SIC,VALPARAISO,VALPARAISO,12635
25,AYSEN,PALENA,CHAITEN,10712
668,SIC,CHOAPA,CANELA,11847
665,SIC,CHOAPA,CANELA,10123
727,SIC,CHOAPA,SALAMANCA,12751
199,SIC,CONCEPCION,CORONEL,10910
898,SIC,VALDIVIA,PAILLACO,13155
1338,SIC,BIOBIO,QUILACO,13141
852,SIC,SANTIAGO,PENALOLEN,13311
901,SIC,VALDIVIA,PAILLACO,11561
1253,SIC,SANTIAGO,PEDRO AGUIRRE CERDA,12281
994,SIC,VALPARAISO,VINA DEL MAR,13676
1032,SIC,LINARES,LONGAVI,13510
745,SIC,NUBLE,NINHUE,13279
880,SIC,NUBLE,BULNES,11350
1049,SIC,BIO-BIO,ALTO BIOBIO,11800
1289,SIC,CURICO,MOLINA,12485
983,SIC,CACHAPOAL,DONIHUE,11330
946,SIC,LIMARI,OVALLE,11952
353,SIC,SANTIAGO,LA FLORIDA,11753
1279,SIC,ARAUCO,CANETE,10292
1527,SING,EL LOA,CALAMA,12627
1550,SING,IQUIQUE,HUARA,13562
1141,SIC,COLCHAGUA,SANTA CRUZ,13533
142,SIC,SANTIAGO,CERRO NAVIA,10716
351,SIC,SANTIAGO,LA FLORIDA,13765
1221,SIC,OSORNO,PURRANQUE,12681
1054,SIC,QUILLOTA,NOGALES,10120
1594,SING,EL LOA,SAN PEDRO DE ATACAMA,10925
479,SIC,SAN FELIPE DE ACONCAGUA,SAN FELIPE,12209
1130,SIC,LLANQUIHUE,MAULLIN,10607
1539,SING,PARINACOTA,PUTRE,11573
675,SIC,MALLECO,COLLIPULLI,13857
79,MAGALLANES,ULTIMA ESPERANZA,NATALES,10767
555,SIC,HUASCO,ALTO DEL CARMEN,13577
1451,SIC,CAUTIN,VILLARRICA,11176
438,SIC,RANCO,LA UNION,12080
1263,SIC,ARAUCO,LEBU,10588
1174,SIC,CHOAPA,LOS VILOS,10662
511,SIC,CHANARAL,DIEGO DE ALMAGRO,13530
550,SIC,VALDIVIA,PANGUIPULLI,11696
360,SIC,COPIAPO,TIERRA AMARILLA,10594
1295,SIC,CURICO,MOLINA,10170
127,SIC,COLCHAGUA,LOLOL,12395
375,SIC,TALCA,SAN RAFAEL,10735
1098,SIC,CURICO,SAGRADA FAMILIA,11761
1232,SIC,CHANARAL,CHANARAL,12262
1447,SIC,CAUTIN,VILLARRICA,13646
1012,SIC,SANTIAGO,QUINTA NORMAL,13359
1301,SIC,TALAGANTE,EL MONTE,10222
801,SIC,ELQUI,VICUNA,10807
1267,SIC,ARAUCO,LEBU,11635
340,SIC,HUASCO,VALLENAR,12511
1469,SIC,BIOBIO,TUCAPEL,13188
544,SIC,CACHAPOAL,MOSTAZAL,10888
749,SIC,CONCEPCION,TOME,13316
1046,SIC,LLANQUIHUE,PUERTO VARAS,12314
944,SIC,LIMARI,OVALLE,13295
1403,SIC,NUBLE,QUIRIHUE,12997
444,SIC,LIMARI,PUNITAQUI,10420
325,SIC,MELIPILLA,CURACAVI,12954
1495,SING,TOCOPILLA,MARIA ELENA,12357
829,SIC,CONCEPCION,HUALPEN,10175
1312,SIC,COLCHAGUA,PLACILLA,13978
477,SIC,BIOBIO,CABRERO,10192
1348,SIC,BIO-BIO,LAJA,13062
1443,SIC,CHILOE,CASTRO,10905
699,SIC,SAN FELIPE DE ACONCAGUA,CATEMU,13707
865,SIC,COLCHAGUA,CHIMBARONGO,13649
1468,SIC,BIOBIO,TUCAPEL,11427
777,SIC,CACHAPOAL,LAS CABRAS,11331
557,SIC,HUASCO,ALTO DEL CARMEN,12940
1072,SIC,HUASCO,FREIRINA,11213
715,SIC,MAIPO,PAINE,11792
455,SIC,TALAGANTE,PENAFLOR,10279
858,SIC,CAUQUENES,CHANCO,12732
635,SIC,CAUTIN,LAUTARO,11471
1461,SIC,CAUTIN,PITRUFQUEN,13153
5,AYSEN,GENERAL CARRERA,RIO IBANEZ,11980
661,SIC,CORDILLERA,PIRQUE,11846
200,SIC,CONCEPCION,CORONEL,10174
1488,SIC,LLANQUIHUE,FRUTILLAR,11473
1343,SIC,BIO-BIO,LAJA,10890
612,SIC,CACHAPOAL,PEUMO,10359
1107,SIC,CAUTIN,PUCON,12744
247,SIC,QUILLOTA,CALERA,13087
146,SIC,SANTIAGO,LAS CONDES,10068
931,SIC,NUBLE,SAN CARLOS,12168
433,SIC,CHACABUCO,TILTIL,11812
971,SIC,MELIPILLA,SAN PEDRO,12939
184,SIC,LINARES,COLBUN,11550
677,SIC,MALLECO,COLLIPULLI,13951
586,SIC,ARAUCO,ARAUCO,11710
243,SIC,COPIAPO,COPIAPO,12513
1375,SIC,SANTIAGO,VITACURA,10201
1511,SING,ANTOFAGASTA,ANTOFAGASTA,12656
67,AYSEN,AYSEN,CISNES,13295
933,SIC,NUBLE,SAN CARLOS,12747
864,SIC,COLCHAGUA,CHIMBARONGO,10016
794,SIC,BIOBIO,LAJA,13409
326,SIC,MELIPILLA,CURACAVI,12426
1507,SING,ARICA,ARICA,12924
1034,SIC,CACHAPOAL,COLTAUCO,11917
1178,SIC,CHOAPA,LOS VILOS,13897
970,SIC,MELIPILLA,SAN PEDRO,11288
758,SIC,COLCHAGUA,SAN FERNANDO,11228
1039,SIC,CACHAPOAL,COLTAUCO,11450
1318,SIC,CHILOE,CHONCHI,12045
857,SIC,CAUTIN,LONCOCHE,11637
304,SIC,COPIAPO,CALDERA,11047
1538,SING,IQUIQUE,IQUIQUE,11216
1042,SIC,LLANQUIHUE,PUERTO VARAS,13801
687,SIC,CHILOE,QUELLON,10039
785,SIC,LINARES,SAN JAVIER,10291
382,SIC,ANTOFAGASTA,TALTAL,13926
845,SIC,VALPARAISO,PUCHUNCAVI,11364
825,SIC,CHACABUCO,COLINA,13298
1551,SING,TOCOPILLA,TOCOPILLA,13530
567,SIC,BIOBIO,LOS ANGELES,10260
1555,SING,TOCOPILLA,TOCOPILLA,12101
961,SIC,SANTIAGO,SAN JOAQUIN,13279
1310,SIC,COLCHAGUA,PLACILLA,13876
762,SIC,COLCHAGUA,SAN FERNANDO,12206
969,SIC,MELIPILLA,SAN PEDRO,10719
1261,SIC,ARAUCO,LEBU,11988
1118,SIC,PETORCA,CABILDO,10417
278,SIC,VALDIVIA,VALDIVIA,11290
1193,SIC,COLCHAGUA,NANCAGUA,10595
583,SIC,ARAUCO,ARAUCO,13888
941,SIC,LINARES,VILLA ALEGRE,13989
802,SIC,ELQUI,VICUNA,11994
287,SIC,LLANQUIHUE,CALBUCO,11249
924,SIC,PETORCA,ZAPALLAR,10957
50,AYSEN,PALENA,PALENA,12000
1040,SIC,CACHAPOAL,COLTAUCO,10119
967,SIC,SANTIAGO,SAN JOAQUIN,11161
361,SIC,COPIAPO,TIERRA AMARILLA,12302
491,SIC,SANTIAGO,HUECHURABA,10067
1243,SIC,CHILOE,DALCAHUE,10894
1157,SIC,CACHAPOAL,RENGO,12739
12,AYSEN,GENERAL CARRERA,RIO IBANEZ,12634
1173,SIC,CACHAPOAL,QUINTA DE TILCOCO,13291
1509,SING,ANTOFAGASTA,ANTOFAGASTA,10317
713,SIC,MAIPO,PAINE,13342
134,SIC,LINARES,YERBAS BUENAS,12298
545,SIC,CACHAPOAL,MOSTAZAL,11854
1518,SING,ANTOFAGASTA,MEJILLONES,12068
621,SIC,MALLECO,CURACAUTIN,12000
1341,SIC,BIO-BIO,LAJA,12951
485,SIC,SAN FELIPE DE ACONCAGUA,SAN FELIPE,11584
1484,SIC,LLANQUIHUE,FRUTILLAR,12189
613,SIC,CACHAPOAL,PEUMO,11299
168,SIC,CONCEPCION,PENCO,13379
78,MAGALLANES,ULTIMA ESPERANZA,NATALES,13720
15,AYSEN,CAPITAN PRAT,O'HIGGINS,12195
186,SIC,MARGA MARGA,QUILPUE,11886
1471,SIC,BIOBIO,TUCAPEL,12272
1248,SIC,VALPARAISO,CASABLANCA,11112
1593,SING,EL LOA,SAN PEDRO DE ATACAMA,13776
723,SIC,CHOAPA,SALAMANCA,11832
1390,SIC,SANTIAGO,LA PINTANA,12614
1568,SING,ANTOFAGASTA,SIERRA GORDA,12213
1510,SING,ANTOFAGASTA,ANTOFAGASTA,13596
1016,SIC,MALLECO,VICTORIA,10108
1192,SIC,SAN ANTONIO,SAN ANTONIO,13877
435,SIC,RANCO,LA UNION,10112
283,SIC,LLANQUIHUE,CALBUCO,12947
682,SIC,MALLECO,COLLIPULLI,12602
1320,SIC,CHILOE,CHONCHI,12156
1086,SIC,CACHAPOAL,GRANEROS,12525
1432,SIC,SANTIAGO,RECOLETA,10185
427,SIC,NUBLE,CHILLAN,12387
1316,SIC,CHILOE,CHONCHI,13612
1204,SIC,NUBLE,PINTO,10025
1578,SING,IQUIQUE,PICA,12238
691,SIC,SANTIAGO,ESTACION CENTRAL,11728
1425,SIC,CACHAPOAL,SAN VICENTE,10455
126,SIC,COLCHAGUA,LOLOL,13252
1359,SIC,PETORCA,PAPUDO,10029
900,SIC,VALDIVIA,PAILLACO,11570
712,SIC,MAIPO,PAINE,12555
275,SIC,SANTIAGO,QUILICURA,12793
679,SIC,MALLECO,COLLIPULLI,10935
20,AYSEN,CAPITAN PRAT,O'HIGGINS,11538
926,SIC,PETORCA,ZAPALLAR,10988
1453,SIC,CAUTIN,VILLARRICA,12042
65,AYSEN,AYSEN,CISNES,13854
1523,SING,EL LOA,CALAMA,12341
922,SIC,CAUTIN,TEMUCO,10549
1218,SIC,OSORNO,PURRANQUE,11537
1079,SIC,ELQUI,LA SERENA,10223
1142,SIC,CAUTIN,NUEVA IMPERIAL,13743
1262,SIC,ARAUCO,LEBU,10733
248,SIC,QUILLOTA,CALERA,12698
393,SIC,NUBLE,RANQUIL,12514
671,SIC,LLANQUIHUE,PUERTO MONTT,11864
791,SIC,BIOBIO,LAJA,10992
736,SIC,LIMARI,COMBARBALA,10406
1431,SIC,SANTIAGO,RECOLETA,10300
101,SIC,CHILOE,ANCUD,11478
1087,SIC,CACHAPOAL,GRANEROS,13157
1249,SIC,SANTIAGO,PEDRO AGUIRRE CERDA,13821
721,SIC,CHOAPA,SALAMANCA,10643
206,SIC,SANTIAGO,LO BARNECHEA,10718
92,SIC,OSORNO,PUYEHUE,11353
1254,SIC,SANTIAGO,PEDRO AGUIRRE CERDA,11869
1057,SIC,QUILLOTA,NOGALES,12647
1078,SIC,ELQUI,LA SERENA,11461
997,SIC,COLCHAGUA,PALMILLA,10465
96,SIC,OSORNO,PUYEHUE,12422
1245,SIC,VALPARAISO,CASABLANCA,13389
513,SIC,CHANARAL,DIEGO DE ALMAGRO,13343
365,SIC,CONCEPCION,SAN PEDRO DE LA PAZ,12485
258,SIC,BIOBIO,NEGRETE,11437
1396,SIC,CAUTIN,GORBEA,12811
899,SIC,VALDIVIA,PAILLACO,12953
1036,SIC,CACHAPOAL,COLTAUCO,11533
1576,SING,ANTOFAGASTA,SIERRA GORDA,10724
552,SIC,HUASCO,ALTO DEL CARMEN,13641
329,SIC,CORDILLERA,SAN JOSE DE MAIPO,10360
43,AYSEN,AYSEN,AYSEN,12397
1448,SIC,CAUTIN,VILLARRICA,10320
350,SIC,SANTIAGO,LA FLORIDA,12634
1354,SIC,NUBLE,NIQUEN,13597
34,AYSEN,COYHAIQUE,COYHAIQUE,10592
345,SIC,SAN ANTONIO,EL QUISCO,12341
704,SIC,SAN FELIPE DE ACONCAGUA,CATEMU,11241
1455,SIC,CAUTIN,PITRUFQUEN,12961
826,SIC,CHACABUCO,COLINA,11451
570,SIC,TALCA,CONSTITUCION,12305
1438,SIC,CHILOE,CASTRO,10766
1228,SIC,CHANARAL,CHANARAL,10671
421,SIC,NUBLE,CHILLAN,13867
330,SIC,CORDILLERA,SAN JOSE DE MAIPO,12620
566,SIC,BIOBIO,LOS ANGELES,11202
894,SIC,SAN ANTONIO,EL TABO,12832
1017,SIC,MALLECO,VICTORIA,13788
815,SIC,MALLECO,LOS SAUCES,10049
1286,SIC,VALDIVIA,CORRAL,11126
638,SIC,CAUTIN,LAUTARO,10776
1052,SIC,BIO-BIO,ALTO BIOBIO,12336
1293,SIC,CURICO,MOLINA,10070
976,SIC,MELIPILLA,SAN PEDRO,12574
1,AYSEN,GENERAL CARRERA,CHILE CHICO,10787
709,SIC,ELQUI,ANDACOLLO,11490
968,SIC,MELIPILLA,SAN PEDRO,10682
1485,SIC,LLANQUIHUE,FRUTILLAR,11592
744,SIC,NUBLE,NINHUE,12491
1319,SIC,CHILOE,CHONCHI,10679
657,SIC,CORDILLERA,PIRQUE,10078
178,SIC,CARDENAL CARO,MARCHIHUE,11100
194,SIC,LOS ANDES,LOS ANDES,13189
1183,SIC,NUBLE,YUNGAY,11997
1015,SIC,MALLECO,VICTORIA,11236
1006,SIC,BIOBIO,MULCHEN,10987
30,AYSEN,COYHAIQUE,COYHAIQUE,10033
151,SIC,MELIPILLA,MELIPILLA,10513
159,SIC,MELIPILLA,MELIPILLA,11628
1162,SIC,LLANQUIHUE,COCHAMO,13982
224,SIC,MAIPO,SAN BERNARDO,11917
1208,SIC,NUBLE,PINTO,13840
1365,SIC,PETORCA,PAPUDO,12468
478,SIC,SAN FELIPE DE ACONCAGUA,SAN FELIPE,10889
1164,SIC,LLANQUIHUE,COCHAMO,12290
1272,SIC,MALLECO,TRAIGUEN,12250
755,SIC,COLCHAGUA,SAN FERNANDO,11220
985,SIC,CACHAPOAL,DONIHUE,12497
796,SIC,ELQUI,VICUNA,13134
1275,SIC,ARAUCO,CANETE,10797
334,SIC,CORDILLERA,SAN JOSE DE MAIPO,13801
890,SIC,SAN ANTONIO,EL TABO,13700
1424,SIC,CACHAPOAL,SAN VICENTE,11070
406,SIC,VALPARAISO,QUINTERO,10297
1421,SIC,CACHAPOAL,SAN VICENTE,11739
147,SIC,SANTIAGO,LAS CONDES,10733
1302,SIC,TALAGANTE,EL MONTE,13150
1304,SIC,TALAGANTE,EL MONTE,11965
608,SIC,CACHAPOAL,PEUMO,12945
1299,SIC,TALAGANTE,EL MONTE,13339
170,SIC,CONCEPCION,PENCO,12081
1011,SIC,SANTIAGO,QUINTA NORMAL,13938
1184,SIC,SAN ANTONIO,SAN ANTONIO,10412
656,SIC,CORDILLERA,PIRQUE,12201
197,SIC,CONCEPCION,CORONEL,12982
534,SIC,SANTIAGO,LA REINA,13524
655,SIC,CORDILLERA,PIRQUE,12046
423,SIC,NUBLE,CHILLAN,11527
269,SIC,SANTIAGO,QUILICURA,13755
1513,SING,ANTOFAGASTA,ANTOFAGASTA,10577
1558,SING,IQUIQUE,POZO ALMONTE,11603
82,MAGALLANES,TIERRA DEL FUEGO,PORVENIR,10378
1458,SIC,CAUTIN,PITRUFQUEN,10046
1059,SIC,QUILLOTA,NOGALES,10578
955,SIC,SANTIAGO,LO ESPEJO,12614
457,SIC,TALAGANTE,PENAFLOR,13459
1582,SING,IQUIQUE,PICA,10829
1522,SING,EL LOA,CALAMA,12266
226,SIC,VALPARAISO,VALPARAISO,12867
830,SIC,CONCEPCION,HUALPEN,11585
311,SIC,RANCO,RIO BUENO,11566
1150,SIC,CURICO,CURICO,11432
33,AYSEN,COYHAIQUE,COYHAIQUE,13076
904,SIC,CHOAPA,ILLAPEL,12807
1415,SIC,SAN FELIPE DE ACONCAGUA,PANQUEHUE,10714
348,SIC,SAN ANTONIO,EL QUISCO,13970
998,SIC,COLCHAGUA,PALMILLA,13469
490,SIC,SANTIAGO,HUECHURABA,12363
617,SIC,MALLECO,CURACAUTIN,12651
1169,SIC,CACHAPOAL,QUINTA DE TILCOCO,10329
1172,SIC,CACHAPOAL,QUINTA DE TILCOCO,11317
765,SIC,CURICO,TENO,13379
509,SIC,CHANARAL,DIEGO DE ALMAGRO,12064
384,SIC,ANTOFAGASTA,TALTAL,13467
624,SIC,VALPARAISO,CONCON,10043
1234,SIC,SANTIAGO,LO PRADO,13754
947,SIC,LIMARI,OVALLE,13553
1073,SIC,HUASCO,FREIRINA,10030
357,SIC,OSORNO,OSORNO,10107
548,SIC,VALDIVIA,PANGUIPULLI,13969
606,SIC,SAN FELIPE DE ACONCAGUA,LLAILLAY,10656
563,SIC,BIOBIO,LOS ANGELES,13625
1067,SIC,HUASCO,FREIRINA,10049
1374,SIC,SANTIAGO,VITACURA,10359
1437,SIC,SANTIAGO,RECOLETA,11555
447,SIC,SANTIAGO,MACUL,10240
204,SIC,SANTIAGO,LO BARNECHEA,13028
1114,SIC,LINARES,PARRAL,12964
422,SIC,NUBLE,CHILLAN,12449
690,SIC,CHILOE,QUELLON,13203
370,SIC,CONCEPCION,SAN PEDRO DE LA PAZ,10785
615,SIC,CACHAPOAL,PEUMO,13683
1426,SIC,CACHAPOAL,SAN VICENTE,13153
499,SIC,BIOBIO,QUILLECO,12941
451,SIC,SANTIAGO,MACUL,13002
1460,SIC,CAUTIN,PITRUFQUEN,12824
1479,SIC,CONCEPCION,CHIGUAYANTE,11747
1566,SING,IQUIQUE,ALTO HOSPICIO,12153
597,SIC,BIOBIO,NACIMIENTO,11688
1322,SIC,LINARES,RETIRO,10073
156,SIC,MELIPILLA,MELIPILLA,13765
298,SIC,SANTIAGO,LA CISTERNA,10404
916,SIC,NUBLE,CHILLAN VIEJO,10767
1251,SIC,SANTIAGO,PEDRO AGUIRRE CERDA,11083
854,SIC,CAUTIN,LONCOCHE,13966
584,SIC,ARAUCO,ARAUCO,13537
575,SIC,TALCA,CONSTITUCION,12978
809,SIC,SANTIAGO,SANTIAGO,11853
323,SIC,MELIPILLA,CURACAVI,13182
138,SIC,SANTIAGO,CERRO NAVIA,12715
107,SIC,CONCEPCION,CONCEPCION,13108
1268,SIC,ARAUCO,LEBU,11566
181,SIC,LINARES,COLBUN,11145
10,AYSEN,GENERAL CARRERA,RIO IBANEZ,12548
0,AYSEN,GENERAL CARRERA,CHILE CHICO,12827
627,SIC,VALPARAISO,CONCON,11074
1505,SING,ARICA,ARICA,10048
879,SIC,NUBLE,BULNES,10071
49,AYSEN,AYSEN,AYSEN,11484
1259,SIC,ARAUCO,LEBU,13647
1400,SIC,CAUTIN,GORBEA,12455
1060,SIC,ARAUCO,LOS ALAMOS,10582
112,SIC,CONCEPCION,CONCEPCION,11627
122,SIC,SANTIAGO,PUDAHUEL,12863
1307,SIC,COLCHAGUA,PLACILLA,11581
1113,SIC,LINARES,PARRAL,13252
26,AYSEN,PALENA,CHAITEN,10557
236,SIC,COPIAPO,COPIAPO,11897
341,SIC,HUASCO,VALLENAR,13185
1535,SING,IQUIQUE,IQUIQUE,11502
611,SIC,CACHAPOAL,PEUMO,10302
11,AYSEN,GENERAL CARRERA,RIO IBANEZ,12174
162,SIC,CONCEPCION,PENCO,11650
878,SIC,NUBLE,BULNES,13734
943,SIC,LIMARI,OVALLE,11355
1358,SIC,PETORCA,PAPUDO,10782
742,SIC,NUBLE,NINHUE,13289
832,SIC,CONCEPCION,HUALPEN,10713
113,SIC,CONCEPCION,CONCEPCION,13718
684,SIC,CHILOE,QUELLON,10956
540,SIC,SANTIAGO,LA REINA,12635
58,AYSEN,CAPITAN PRAT,COCHRANE,11020
495,SIC,SANTIAGO,HUECHURABA,13808
539,SIC,SANTIAGO,LA REINA,12486
1282,SIC,ARAUCO,CANETE,10542
735,SIC,ELQUI,COQUIMBO,13320
1158,SIC,CACHAPOAL,RENGO,11192
379,SIC,MAIPO,BUIN,11828
42,AYSEN,AYSEN,AYSEN,13803
1597,SING,EL LOA,SAN PEDRO DE ATACAMA,12937
1554,SING,TOCOPILLA,TOCOPILLA,11975
383,SIC,ANTOFAGASTA,TALTAL,12987
286,SIC,LLANQUIHUE,CALBUCO,11095
1463,SIC,VALDIVIA,LOS LAGOS,12391
482,SIC,SAN FELIPE DE ACONCAGUA,SAN FELIPE,13613
285,SIC,LLANQUIHUE,CALBUCO,11820
19,AYSEN,CAPITAN PRAT,O'HIGGINS,11613
543,SIC,CACHAPOAL,MOSTAZAL,11327
992,SIC,VALPARAISO,VINA DEL MAR,12230
458,SIC,TALAGANTE,PENAFLOR,12634
596,SIC,BIOBIO,NACIMIENTO,12334
1562,SING,IQUIQUE,ALTO HOSPICIO,11889
578,SIC,SANTIAGO,RENCA,10936
1013,SIC,SANTIAGO,QUINTA NORMAL,10803
1477,SIC,CONCEPCION,CHIGUAYANTE,12135
282,SIC,LLANQUIHUE,CALBUCO,11888
1025,SIC,ELQUI,LA HIGUERA,10252
1168,SIC,CACHAPOAL,QUINTA DE TILCOCO,12385
217,SIC,CACHAPOAL,RANCAGUA,11156
1146,SIC,CAUTIN,NUEVA IMPERIAL,11609
1128,SIC,TALAGANTE,PADRE HURTADO,12155
8,AYSEN,GENERAL CARRERA,RIO IBANEZ,13125
1384,SIC,MALLECO,ANGOL,11695
1440,SIC,CHILOE,CASTRO,12498
841,SIC,MELIPILLA,ALHUE,11406
466,SIC,BIOBIO,SANTA BARBARA,10008
333,SIC,CORDILLERA,SAN JOSE DE MAIPO,10718
766,SIC,CURICO,TENO,10666
643,SIC,CORDILLERA,PUENTE ALTO,11655
24,AYSEN,PALENA,CHAITEN,10235
1363,SIC,PETORCA,PAPUDO,10586
741,SIC,NUBLE,NINHUE,10159
1068,SIC,HUASCO,FREIRINA,12529
559,SIC,HUASCO,ALTO DEL CARMEN,13826
1305,SIC,TALAGANTE,EL MONTE,13014
1328,SIC,CACHAPOAL,MALLOA,10955
996,SIC,COLCHAGUA,PALMILLA,10724
1306,SIC,TALAGANTE,EL MONTE,10289
824,SIC,CHACABUCO,COLINA,13499
167,SIC,CONCEPCION,PENCO,12695
263,SIC,CACHAPOAL,MACHALI,12297
1062,SIC,ARAUCO,LOS ALAMOS,10690
1533,SING,IQUIQUE,IQUIQUE,12413
882,SIC,NUBLE,BULNES,12433
215,SIC,CACHAPOAL,RANCAGUA,11089
763,SIC,CURICO,TENO,12389
428,SIC,CHACABUCO,TILTIL,11786
594,SIC,BIOBIO,NACIMIENTO,11045
1548,SING,IQUIQUE,HUARA,10021
915,SIC,NUBLE,CHILLAN VIEJO,11137
720,SIC,MAIPO,PAINE,13145
921,SIC,CAUTIN,TEMUCO,10539
1294,SIC,CURICO,MOLINA,13373
1238,SIC,CHILOE,DALCAHUE,12437
1565,SING,IQUIQUE,ALTO HOSPICIO,13510
27,AYSEN,PALENA,CHAITEN,13588
849,SIC,SANTIAGO,PENALOLEN,13517
1534,SING,IQUIQUE,IQUIQUE,13735
115,SIC,CONCEPCION,CONCEPCION,12560
190,SIC,LOS ANDES,LOS ANDES,10173
820,SIC,CHACABUCO,COLINA,12299
683,SIC,MALLECO,COLLIPULLI,13913
835,SIC,LINARES,LINARES,12487
673,SIC,LLANQUIHUE,PUERTO MONTT,10458
930,SIC,NUBLE,SAN CARLOS,12894
1515,SING,ANTOFAGASTA,ANTOFAGASTA,13239
512,SIC,CHANARAL,DIEGO DE ALMAGRO,11752
1547,SING,IQUIQUE,HUARA,10360
497,SIC,SANTIAGO,HUECHURABA,10864
1215,SIC,OSORNO,PURRANQUE,12974
500,SIC,BIOBIO,QUILLECO,13171
1372,SIC,SANTIAGO,VITACURA,10513
1454,SIC,CAUTIN,VILLARRICA,13211
251,SIC,BIOBIO,NEGRETE,13887
338,SIC,HUASCO,VALLENAR,12413
18,AYSEN,CAPITAN PRAT,O'HIGGINS,10135
1367,SIC,ARAUCO,CURANILAHUE,10885
1419,SIC,SAN FELIPE DE ACONCAGUA,PANQUEHUE,12376
1391,SIC,SANTIAGO,LA PINTANA,12110
1405,SIC,NUBLE,QUIRIHUE,13569
1387,SIC,MALLECO,ANGOL,10380
1417,SIC,SAN FELIPE DE ACONCAGUA,PANQUEHUE,11349
1002,SIC,BIOBIO,MULCHEN,11478
13,AYSEN,GENERAL CARRERA,RIO IBANEZ,12730
23,AYSEN,PALENA,CHAITEN,13352
1097,SIC,CURICO,SAGRADA FAMILIA,12969
1490,SIC,LLANQUIHUE,FRUTILLAR,12769
817,SIC,MALLECO,LOS SAUCES,12543
784,SIC,LINARES,SAN JAVIER,13922
686,SIC,CHILOE,QUELLON,11474
109,SIC,CONCEPCION,CONCEPCION,10102
362,SIC,COPIAPO,TIERRA AMARILLA,11530
1564,SING,IQUIQUE,ALTO HOSPICIO,11366
1581,SING,IQUIQUE,PICA,13799
1041,SIC,CACHAPOAL,COLTAUCO,11409
288,SIC,LLANQUIHUE,CALBUCO,10962
1126,SIC,TALAGANTE,PADRE HURTADO,11410
609,SIC,CACHAPOAL,PEUMO,13545
1537,SING,IQUIQUE,IQUIQUE,12094
148,SIC,SANTIAGO,LAS CONDES,12487
111,SIC,CONCEPCION,CONCEPCION,13902
1408,SIC,OSORNO,PUERTO OCTAY,13717
1445,SIC,CAUTIN,VILLARRICA,12330
833,SIC,CONCEPCION,HUALPEN,10166
295,SIC,SANTIAGO,LA CISTERNA,12908
654,SIC,LOS ANDES,SAN ESTEBAN,12732
100,SIC,CHILOE,ANCUD,13586
718,SIC,MAIPO,PAINE,12167
505,SIC,BIOBIO,QUILLECO,12170
352,SIC,SANTIAGO,LA FLORIDA,11785
871,SIC,TALAGANTE,TALAGANTE,11490
494,SIC,SANTIAGO,HUECHURABA,11217
695,SIC,SANTIAGO,ESTACION CENTRAL,10384
1459,SIC,CAUTIN,PITRUFQUEN,12076
1572,SING,ANTOFAGASTA,SIERRA GORDA,11446
267,SIC,CACHAPOAL,MACHALI,12528
1235,SIC,SANTIAGO,LO PRADO,12114
1452,SIC,CAUTIN,VILLARRICA,12453
908,SIC,CHOAPA,ILLAPEL,12325
299,SIC,SANTIAGO,LA CISTERNA,13688
1430,SIC,SANTIAGO,RECOLETA,13426
1467,SIC,VALDIVIA,LOS LAGOS,13715
1153,SIC,CURICO,CURICO,12938
1395,SIC,CAUTIN,GORBEA,11544
1290,SIC,CURICO,MOLINA,13406
812,SIC,SANTIAGO,SANTIAGO,12445
1504,SING,ARICA,ARICA,13252
1044,SIC,LLANQUIHUE,PUERTO VARAS,10757
105,SIC,CHILOE,ANCUD,12617
940,SIC,LINARES,VILLA ALEGRE,11671
408,SIC,VALPARAISO,QUINTERO,12459
585,SIC,ARAUCO,ARAUCO,12753
481,SIC,SAN FELIPE DE ACONCAGUA,SAN FELIPE,12370
103,SIC,CHILOE,ANCUD,11614
572,SIC,TALCA,CONSTITUCION,10464
317,SIC,CURICO,HUALANE,10283
102,SIC,CHILOE,ANCUD,11775
754,SIC,BIOBIO,ANTUCO,10687
917,SIC,NUBLE,CHILLAN VIEJO,11144
1478,SIC,CONCEPCION,CHIGUAYANTE,10861
844,SIC,VALPARAISO,PUCHUNCAVI,13164
192,SIC,LOS ANDES,LOS ANDES,10077
662,SIC,CHOAPA,CANELA,10704
688,SIC,CHILOE,QUELLON,12018
412,SIC,VALPARAISO,QUINTERO,10413
1406,SIC,OSORNO,PUERTO OCTAY,11573
398,SIC,CACHAPOAL,REQUINOA,10477
795,SIC,BIOBIO,LAJA,11862
88,MAGALLANES,ANTARTICA CHILENA,CABO DE HORNOS,10162
1399,SIC,CAUTIN,GORBEA,13266
106,SIC,CHILOE,ANCUD,10778
664,SIC,CHOAPA,CANELA,10499
1212,SIC,OSORNO,PURRANQUE,13629
1542,SING,PARINACOTA,PUTRE,13999
618,SIC,MALLECO,CURACAUTIN,12269
1202,SIC,NUBLE,PINTO,12409
1035,SIC,CACHAPOAL,COLTAUCO,13407
1327,SIC,CACHAPOAL,MALLOA,13134
461,SIC,BIOBIO,SANTA BARBARA,10460
1332,SIC,CACHAPOAL,MALLOA,11650
637,SIC,CAUTIN,LAUTARO,12291
467,SIC,BIOBIO,SANTA BARBARA,13252
1149,SIC,CURICO,CURICO,13076
874,SIC,TALAGANTE,TALAGANTE,12251
1524,SING,EL LOA,CALAMA,12139
565,SIC,BIOBIO,LOS ANGELES,12422
1131,SIC,LLANQUIHUE,MAULLIN,10316
1596,SING,EL LOA,SAN PEDRO DE ATACAMA,12628
798,SIC,ELQUI,VICUNA,12795
1498,SING,TOCOPILLA,MARIA ELENA,13607
1000,SIC,COLCHAGUA,PALMILLA,10063
1213,SIC,OSORNO,PURRANQUE,10187
2,AYSEN,GENERAL CARRERA,CHILE CHICO,10851
245,SIC,QUILLOTA,CALERA,13543
1188,SIC,SAN ANTONIO,SAN ANTONIO,12507
719,SIC,MAIPO,PAINE,13368
517,SIC,QUILLOTA,QUILLOTA,13384
889,SIC,SAN ANTONIO,EL TABO,12922
1517,SING,ANTOFAGASTA,ANTOFAGASTA,10979
1027,SIC,ELQUI,LA HIGUERA,10051
1474,SIC,BIOBIO,TUCAPEL,13341
1101,SIC,CURICO,SAGRADA FAMILIA,10684
1457,SIC,CAUTIN,PITRUFQUEN,11956
1021,SIC,ELQUI,LA HIGUERA,10979
163,SIC,CONCEPCION,PENCO,13189
1530,SING,IQUIQUE,IQUIQUE,13806
1544,SING,PARINACOTA,PUTRE,11725
1584,SING,ARICA,CAMARONES,13734
957,SIC,SANTIAGO,LO ESPEJO,12767
284,SIC,LLANQUIHUE,CALBUCO,13887
670,SIC,LLANQUIHUE,PUERTO MONTT,13724
177,SIC,CARDENAL CARO,MARCHIHUE,13740
84,MAGALLANES,TIERRA DEL FUEGO,PORVENIR,13153
1439,SIC,CHILOE,CASTRO,11995
415,SIC,BIOBIO,ALTO BIOBIO,12923
622,SIC,VALPARAISO,CONCON,10402
1549,SING,IQUIQUE,HUARA,12944
520,SIC,QUILLOTA,QUILLOTA,11682
52,AYSEN,PALENA,PALENA,13979
697,SIC,SANTIAGO,ESTACION CENTRAL,11666
601,SIC,CARDENAL CARO,LITUECHE,13695
591,SIC,VALDIVIA,MARIQUINA,12288
1308,SIC,COLCHAGUA,PLACILLA,13498
389,SIC,SANTIAGO,MAIPU,12928
1323,SIC,LINARES,RETIRO,12120
1503,SING,ARICA,ARICA,11272
568,SIC,BIOBIO,LOS ANGELES,12325
1258,SIC,CAUQUENES,CAUQUENES,13858
1393,SIC,CAUTIN,GORBEA,11241
328,SIC,MELIPILLA,CURACAVI,10638
464,SIC,BIOBIO,SANTA BARBARA,11481
1347,SIC,BIO-BIO,LAJA,12219
405,SIC,VALPARAISO,QUINTERO,11531
1196,SIC,COLCHAGUA,NANCAGUA,10977
1571,SING,ANTOFAGASTA,SIERRA GORDA,10220
1389,SIC,SANTIAGO,LA PINTANA,13858
743,SIC,NUBLE,NINHUE,11943
262,SIC,CACHAPOAL,MACHALI,13501
87,MAGALLANES,ANTARTICA CHILENA,CABO DE HORNOS,13914
860,SIC,CAUQUENES,CHANCO,10062
1236,SIC,SANTIAGO,LO PRADO,13182
1592,SING,EL LOA,SAN PEDRO DE ATACAMA,11293
1492,SIC,LLANQUIHUE,FRUTILLAR,11876
47,AYSEN,AYSEN,AYSEN,11518
371,SIC,CONCEPCION,SAN PEDRO DE LA PAZ,10063
696,SIC,SANTIAGO,ESTACION CENTRAL,11535
1274,SIC,ARAUCO,CANETE,10198
1029,SIC,LINARES,LONGAVI,10028
294,SIC,SANTIAGO,LA CISTERNA,11293
312,SIC,RANCO,RIO BUENO,12349
602,SIC,SAN FELIPE DE ACONCAGUA,LLAILLAY,11552
432,SIC,CHACABUCO,TILTIL,12159
1502,SING,ARICA,ARICA,13912
238,SIC,COPIAPO,COPIAPO,10928
1410,SIC,OSORNO,PUERTO OCTAY,11836
1465,SIC,VALDIVIA,LOS LAGOS,10554
577,SIC,SANTIAGO,RENCA,10470
45,AYSEN,AYSEN,AYSEN,10147
71,MAGALLANES,MAGALLANES,PUNTA ARENAS,10781
498,SIC,BIOBIO,QUILLECO,10119
1111,SIC,LINARES,PARRAL,13477
1521,SING,ANTOFAGASTA,MEJILLONES,12016
1139,SIC,COLCHAGUA,SANTA CRUZ,13865
587,SIC,ARAUCO,ARAUCO,13241
272,SIC,SANTIAGO,QUILICURA,12412
800,SIC,ELQUI,VICUNA,10014
417,SIC,BIOBIO,ALTO BIOBIO,13438
803,SIC,ELQUI,VICUNA,11155
413,SIC,VALPARAISO,QUINTERO,13978
1456,SIC,CAUTIN,PITRUFQUEN,11880
399,SIC,CACHAPOAL,REQUINOA,12176
1116,SIC,LINARES,PARRAL,11212
837,SIC,LINARES,LINARES,12735
388,SIC,ANTOFAGASTA,TALTAL,12684
460,SIC,BIOBIO,SANTA BARBARA,11271
925,SIC,PETORCA,ZAPALLAR,12262
261,SIC,CACHAPOAL,MACHALI,11111
277,SIC,VALDIVIA,VALDIVIA,12103
910,SIC,CHOAPA,ILLAPEL,13775
884,SIC,NUBLE,BULNES,12817
51,AYSEN,PALENA,PALENA,11042
701,SIC,SAN FELIPE DE ACONCAGUA,CATEMU,13231
39,AYSEN,COYHAIQUE,LAGO VERDE,10102
1442,SIC,CHILOE,CASTRO,13953
1201,SIC,LIMARI,MONTE PATRIA,10877
1010,SIC,SANTIAGO,QUINTA NORMAL,10466
307,SIC,COPIAPO,CALDERA,10400
1446,SIC,CAUTIN,VILLARRICA,11000
207,SIC,SANTIAGO,LO BARNECHEA,12890
906,SIC,CHOAPA,ILLAPEL,12524
235,SIC,COPIAPO,COPIAPO,10570
989,SIC,VALPARAISO,VINA DEL MAR,12468
1436,SIC,SANTIAGO,RECOLETA,10506
1033,SIC,LINARES,LONGAVI,10662
869,SIC,TALAGANTE,TALAGANTE,12697
72,MAGALLANES,MAGALLANES,PUNTA ARENAS,10345
739,SIC,LIMARI,COMBARBALA,11062
305,SIC,COPIAPO,CALDERA,10498
1195,SIC,COLCHAGUA,NANCAGUA,11180
1120,SIC,PETORCA,CABILDO,11610
434,SIC,RANCO,LA UNION,11139
792,SIC,BIOBIO,LAJA,10911
443,SIC,LIMARI,PUNITAQUI,10637
1136,SIC,LLANQUIHUE,MAULLIN,10252
737,SIC,LIMARI,COMBARBALA,10459
1140,SIC,COLCHAGUA,SANTA CRUZ,11955
764,SIC,CURICO,TENO,10819
1171,SIC,CACHAPOAL,QUINTA DE TILCOCO,10521
963,SIC,SANTIAGO,SAN JOAQUIN,13591
1089,SIC,CACHAPOAL,GRANEROS,12085
1185,SIC,SAN ANTONIO,SAN ANTONIO,11725
959,SIC,SANTIAGO,LO ESPEJO,12011
1567,SING,ANTOFAGASTA,SIERRA GORDA,10770
1342,SIC,BIO-BIO,LAJA,12338
1376,SIC,SANTIAGO,VITACURA,12325
1579,SING,IQUIQUE,PICA,11466
905,SIC,CHOAPA,ILLAPEL,10862
667,SIC,CHOAPA,CANELA,12403
1337,SIC,BIOBIO,QUILACO,12709
781,SIC,CACHAPOAL,LAS CABRAS,10514
1472,SIC,BIOBIO,TUCAPEL,10266
221,SIC,MAIPO,SAN BERNARDO,11338
962,SIC,SANTIAGO,SAN JOAQUIN,10469
1278,SIC,ARAUCO,CANETE,10603
1450,SIC,CAUTIN,VILLARRICA,12612
456,SIC,TALAGANTE,PENAFLOR,10010
279,SIC,VALDIVIA,VALDIVIA,13191
810,SIC,SANTIAGO,SANTIAGO,13090
1499,SING,TOCOPILLA,MARIA ELENA,11860
66,AYSEN,AYSEN,CISNES,12314
424,SIC,NUBLE,CHILLAN,12817
619,SIC,MALLECO,CURACAUTIN,10984
22,AYSEN,CAPITAN PRAT,O'HIGGINS,11551
273,SIC,SANTIAGO,QUILICURA,10008
155,SIC,MELIPILLA,MELIPILLA,11095
756,SIC,COLCHAGUA,SAN FERNANDO,11769
839,SIC,MELIPILLA,ALHUE,13249
542,SIC,CACHAPOAL,MOSTAZAL,13973
1288,SIC,VALDIVIA,CORRAL,11969
1486,SIC,LLANQUIHUE,FRUTILLAR,12979
157,SIC,MELIPILLA,MELIPILLA,13545
694,SIC,SANTIAGO,ESTACION CENTRAL,13073
1324,SIC,LINARES,RETIRO,11461
161,SIC,CONCEPCION,PENCO,11418
1418,SIC,SAN FELIPE DE ACONCAGUA,PANQUEHUE,13494
986,SIC,CACHAPOAL,DONIHUE,11059
636,SIC,CAUTIN,LAUTARO,13871
195,SIC,LOS ANDES,LOS ANDES,11023
266,SIC,CACHAPOAL,MACHALI,12087
840,SIC,MELIPILLA,ALHUE,11243
1556,SING,TOCOPILLA,TOCOPILLA,11021
1165,SIC,LLANQUIHUE,COCHAMO,10325
185,SIC,MARGA MARGA,QUILPUE,13144
153,SIC,MELIPILLA,MELIPILLA,13805
271,SIC,SANTIAGO,QUILICURA,12747
150,SIC,SANTIAGO,LAS CONDES,13394
397,SIC,NUBLE,RANQUIL,12802
404,SIC,VALPARAISO,QUINTERO,12008
1170,SIC,CACHAPOAL,QUINTA DE TILCOCO,12577
978,SIC,CACHAPOAL,DONIHUE,12764
289,SIC,LLANQUIHUE,CALBUCO,10974
1271,SIC,MALLECO,TRAIGUEN,11267
982,SIC,CACHAPOAL,DONIHUE,10155
623,SIC,VALPARAISO,CONCON,11726
514,SIC,CHANARAL,DIEGO DE ALMAGRO,11543
1422,SIC,CACHAPOAL,SAN VICENTE,13395
392,SIC,SANTIAGO,MAIPU,13965
196,SIC,LOS ANDES,LOS ANDES,11858
369,SIC,CONCEPCION,SAN PEDRO DE LA PAZ,12863
171,SIC,CARDENAL CARO,MARCHIHUE,13989
440,SIC,LIMARI,PUNITAQUI,13780
1147,SIC,CAUTIN,NUEVA IMPERIAL,13364
1181,SIC,NUBLE,YUNGAY,11934
462,SIC,BIOBIO,SANTA BARBARA,13619
1124,SIC,PETORCA,CABILDO,12942
750,SIC,CONCEPCION,TOME,10761
702,SIC,SAN FELIPE DE ACONCAGUA,CATEMU,12104
1314,SIC,CHILOE,CHONCHI,11854
1315,SIC,CHILOE,CHONCHI,11766
580,SIC,SANTIAGO,RENCA,10113
886,SIC,NUBLE,BULNES,13746
553,SIC,HUASCO,ALTO DEL CARMEN,13414
666,SIC,CHOAPA,CANELA,10398
62,AYSEN,CAPITAN PRAT,COCHRANE,12195
1225,SIC,SANTIAGO,CERRILLOS,12815
855,SIC,CAUTIN,LONCOCHE,11978
892,SIC,SAN ANTONIO,EL TABO,12289
528,SIC,TALCA,TALCA,11042
143,SIC,SANTIAGO,CERRO NAVIA,13537
1237,SIC,CHILOE,DALCAHUE,11779
1190,SIC,SAN ANTONIO,SAN ANTONIO,12138
757,SIC,COLCHAGUA,SAN FERNANDO,10913
489,SIC,SANTIAGO,HUECHURABA,11639
1317,SIC,CHILOE,CHONCHI,13332
1528,SING,EL LOA,CALAMA,10224
76,MAGALLANES,ULTIMA ESPERANZA,NATALES,10536
1325,SIC,CACHAPOAL,MALLOA,11054
876,SIC,TALAGANTE,TALAGANTE,13417
632,SIC,SAN ANTONIO,ALGARROBO,11678
368,SIC,CONCEPCION,SAN PEDRO DE LA PAZ,12242
990,SIC,VALPARAISO,VINA DEL MAR,13814
767,SIC,CURICO,TENO,11943
1230,SIC,CHANARAL,CHANARAL,11462
1500,SING,TOCOPILLA,MARIA ELENA,10181
1475,SIC,BIOBIO,TUCAPEL,10929
378,SIC,MAIPO,BUIN,13474
1024,SIC,ELQUI,LA HIGUERA,11408
135,SIC,LINARES,YERBAS BUENAS,13373
1435,SIC,SANTIAGO,RECOLETA,12887
1038,SIC,CACHAPOAL,COLTAUCO,13145
366,SIC,CONCEPCION,SAN PEDRO DE LA PAZ,12778
395,SIC,NUBLE,RANQUIL,13550
814,SIC,MALLECO,LOS SAUCES,12116
1009,SIC,BIOBIO,MULCHEN,11382
31,AYSEN,COYHAIQUE,COYHAIQUE,10720
256,SIC,BIOBIO,NEGRETE,10724
676,SIC,MALLECO,COLLIPULLI,11155
939,SIC,LINARES,VILLA ALEGRE,10560
813,SIC,SANTIAGO,SANTIAGO,13615
377,SIC,TALCA,SAN RAFAEL,12374
1352,SIC,NUBLE,NIQUEN,12427
787,SIC,LINARES,SAN JAVIER,12280
416,SIC,BIOBIO,ALTO BIOBIO,11365
94,SIC,OSORNO,PUYEHUE,11939
1483,SIC,LLANQUIHUE,FRUTILLAR,11839
44,AYSEN,AYSEN,AYSEN,10535
1587,SING,ARICA,CAMARONES,12944
1494,SING,TOCOPILLA,MARIA ELENA,13739
169,SIC,CONCEPCION,PENCO,11340
1092,SIC,CHACABUCO,LAMPA,10244
1414,SIC,OSORNO,PUERTO OCTAY,13976
270,SIC,SANTIAGO,QUILICURA,12963
374,SIC,TALCA,SAN RAFAEL,12157
703,SIC,SAN FELIPE DE ACONCAGUA,CATEMU,11685
527,SIC,CAUTIN,PADRE LAS CASAS,10371
198,SIC,CONCEPCION,CORONEL,11615
1244,SIC,VALPARAISO,CASABLANCA,11923
610,SIC,CACHAPOAL,PEUMO,12754
751,SIC,BIOBIO,ANTUCO,10997
117,SIC,TALCA,SAN CLEMENTE,13894
55,AYSEN,CAPITAN PRAT,COCHRANE,12106
689,SIC,CHILOE,QUELLON,12593
1378,SIC,MALLECO,RENAICO,13517
1103,SIC,CURICO,LICANTEN,10479
1407,SIC,OSORNO,PUERTO OCTAY,10288
1470,SIC,BIOBIO,TUCAPEL,13670
923,SIC,PETORCA,ZAPALLAR,13151
310,SIC,COPIAPO,CALDERA,12310
465,SIC,BIOBIO,SANTA BARBARA,10731
799,SIC,ELQUI,VICUNA,13833
418,SIC,BIOBIO,ALTO BIOBIO,10456
54,AYSEN,CAPITAN PRAT,COCHRANE,10920
191,SIC,LOS ANDES,LOS ANDES,12826
1096,SIC,CHACABUCO,LAMPA,11026
838,SIC,LINARES,LINARES,10514
807,SIC,SANTIAGO,SANTIAGO,10513
1364,SIC,PETORCA,PAPUDO,13423
529,SIC,TALCA,TALCA,12770
376,SIC,TALCA,SAN RAFAEL,10176
768,SIC,CURICO,TENO,13356
949,SIC,LIMARI,OVALLE,10960
429,SIC,CHACABUCO,TILTIL,10941
590,SIC,VALDIVIA,MARIQUINA,12876
535,SIC,SANTIAGO,LA REINA,12332
843,SIC,VALPARAISO,PUCHUNCAVI,13052
81,MAGALLANES,TIERRA DEL FUEGO,PORVENIR,11105
154,SIC,MELIPILLA,MELIPILLA,10831
110,SIC,CONCEPCION,CONCEPCION,11586
14,AYSEN,CAPITAN PRAT,O'HIGGINS,10410
390,SIC,SANTIAGO,MAIPU,12086
1093,SIC,CHACABUCO,LAMPA,10857
1055,SIC,QUILLOTA,NOGALES,10267
1552,SING,TOCOPILLA,TOCOPILLA,12829
789,SIC,BIOBIO,LAJA,12775
706,SIC,ELQUI,ANDACOLLO,10323
965,SIC,SANTIAGO,SAN JOAQUIN,13179
1309,SIC,COLCHAGUA,PLACILLA,12336
651,SIC,LOS ANDES,SAN ESTEBAN,10233
118,SIC,TALCA,SAN CLEMENTE,11772
576,SIC,TALCA,CONSTITUCION,11322
1061,SIC,ARAUCO,LOS ALAMOS,10985
32,AYSEN,COYHAIQUE,COYHAIQUE,13932
1588,SING,ARICA,CAMARONES,12626
1206,SIC,NUBLE,PINTO,11234
1563,SING,IQUIQUE,ALTO HOSPICIO,13299
205,SIC,SANTIAGO,LO BARNECHEA,11116
1083,SIC,ELQUI,LA SERENA,11330
487,SIC,SAN FELIPE DE ACONCAGUA,SAN FELIPE,12115
883,SIC,NUBLE,BULNES,11031
213,SIC,CACHAPOAL,RANCAGUA,12923
726,SIC,CHOAPA,SALAMANCA,11641
895,SIC,VALDIVIA,PAILLACO,12130
705,SIC,ELQUI,ANDACOLLO,13454
1411,SIC,OSORNO,PUERTO OCTAY,11890
1441,SIC,CHILOE,CASTRO,13116
628,SIC,VALPARAISO,CONCON,10322
1066,SIC,HUASCO,FREIRINA,13182
401,SIC,CACHAPOAL,REQUINOA,11978
137,SIC,LINARES,YERBAS BUENAS,13550
1219,SIC,OSORNO,PURRANQUE,10609
69,MAGALLANES,MAGALLANES,PUNTA ARENAS,10329
1412,SIC,OSORNO,PUERTO OCTAY,12481
538,SIC,SANTIAGO,LA REINA,11728
935,SIC,LINARES,VILLA ALEGRE,12989
780,SIC,CACHAPOAL,LAS CABRAS,10997
579,SIC,SANTIAGO,RENCA,12742
759,SIC,COLCHAGUA,SAN FERNANDO,12627
1493,SING,TOCOPILLA,MARIA ELENA,10969
385,SIC,ANTOFAGASTA,TALTAL,12531
541,SIC,SANTIAGO,LA REINA,13061
343,SIC,SAN ANTONIO,EL QUISCO,13638
386,SIC,ANTOFAGASTA,TALTAL,11171
847,SIC,SANTIAGO,PENALOLEN,10331
653,SIC,LOS ANDES,SAN ESTEBAN,11199
225,SIC,VALPARAISO,VALPARAISO,11237
1252,SIC,SANTIAGO,PEDRO AGUIRRE CERDA,11927
828,SIC,CONCEPCION,HUALPEN,13608
35,AYSEN,COYHAIQUE,COYHAIQUE,12282
950,SIC,LIMARI,OVALLE,13240
672,SIC,LLANQUIHUE,PUERTO MONTT,10436
850,SIC,SANTIAGO,PENALOLEN,12911
1099,SIC,CURICO,SAGRADA FAMILIA,13080
1194,SIC,COLCHAGUA,NANCAGUA,13708
1144,SIC,CAUTIN,NUEVA IMPERIAL,11683
811,SIC,SANTIAGO,SANTIAGO,11953
1420,SIC,SAN FELIPE DE ACONCAGUA,PANQUEHUE,11842
554,SIC,HUASCO,ALTO DEL CARMEN,11465
119,SIC,TALCA,SAN CLEMENTE,10279
964,SIC,SANTIAGO,SAN JOAQUIN,12417
1277,SIC,ARAUCO,CANETE,13844
1019,SIC,ELQUI,LA HIGUERA,13259
1005,SIC,BIOBIO,MULCHEN,10548
380,SIC,MAIPO,BUIN,12856
454,SIC,TALAGANTE,PENAFLOR,13559
1280,SIC,ARAUCO,CANETE,12589
1401,SIC,NUBLE,QUIRIHUE,12415
358,SIC,OSORNO,OSORNO,11045
1186,SIC,SAN ANTONIO,SAN ANTONIO,12442
891,SIC,SAN ANTONIO,EL TABO,13784
468,SIC,BIOBIO,CABRERO,10920
730,SIC,ELQUI,COQUIMBO,13237
1586,SING,ARICA,CAMARONES,12040
1398,SIC,CAUTIN,GORBEA,10406
1137,SIC,LLANQUIHUE,MAULLIN,12549
724,SIC,CHOAPA,SALAMANCA,10877
3,AYSEN,GENERAL CARRERA,CHILE CHICO,13425
1051,SIC,BIO-BIO,ALTO BIOBIO,13865
1047,SIC,BIO-BIO,ALTO BIOBIO,11235
774,SIC,HUASCO,HUASCO,13587
1385,SIC,MALLECO,ANGOL,10208
1077,SIC,ELQUI,LA SERENA,12881
128,SIC,COLCHAGUA,LOLOL,12903
1577,SING,IQUIQUE,PICA,11053
268,SIC,SANTIAGO,QUILICURA,12801
790,SIC,BIOBIO,LAJA,11395
291,SIC,CONCEPCION,TALCAHUANO,10325
46,AYSEN,AYSEN,AYSEN,13461
234,SIC,VALPARAISO,VALPARAISO,11545
507,SIC,CHANARAL,DIEGO DE ALMAGRO,13354
918,SIC,NUBLE,CHILLAN VIEJO,10492
1303,SIC,TALAGANTE,EL MONTE,13291
714,SIC,MAIPO,PAINE,13766
337,SIC,HUASCO,VALLENAR,13788
1573,SING,ANTOFAGASTA,SIERRA GORDA,10860
1018,SIC,MALLECO,VICTORIA,10710
160,SIC,MELIPILLA,MELIPILLA,13382
297,SIC,SANTIAGO,LA CISTERNA,11352
822,SIC,CHACABUCO,COLINA,13408
663,SIC,CHOAPA,CANELA,13893
1423,SIC,CACHAPOAL,SAN VICENTE,10816
711,SIC,MAIPO,PAINE,11032
473,SIC,BIOBIO,CABRERO,12511
556,SIC,HUASCO,ALTO DEL CARMEN,13308
453,SIC,SANTIAGO,MACUL,10320
1297,SIC,CURICO,MOLINA,10101
149,SIC,SANTIAGO,LAS CONDES,13830
276,SIC,SANTIAGO,QUILICURA,10290
752,SIC,BIOBIO,ANTUCO,13045
359,SIC,COPIAPO,TIERRA AMARILLA,11704
472,SIC,BIOBIO,CABRERO,13495
848,SIC,SANTIAGO,PENALOLEN,10459
954,SIC,SANTIAGO,LO ESPEJO,13453
280,SIC,VALDIVIA,VALDIVIA,11591
1076,SIC,ELQUI,LA SERENA,13673
1064,SIC,ARAUCO,LOS ALAMOS,13262
640,SIC,CORDILLERA,PUENTE ALTO,12307
354,SIC,SANTIAGO,LA FLORIDA,10139
1063,SIC,ARAUCO,LOS ALAMOS,13934
1121,SIC,PETORCA,CABILDO,13761
1048,SIC,BIO-BIO,ALTO BIOBIO,12147
1104,SIC,CURICO,LICANTEN,11750
674,SIC,LLANQUIHUE,PUERTO MONTT,13466
729,SIC,CHOAPA,SALAMANCA,13536
166,SIC,CONCEPCION,PENCO,13432
300,SIC,SANTIAGO,LA CISTERNA,13633
1250,SIC,SANTIAGO,PEDRO AGUIRRE CERDA,13104
644,SIC,CONCEPCION,LOTA,11642
1022,SIC,ELQUI,LA HIGUERA,13271
909,SIC,CHOAPA,ILLAPEL,13271
564,SIC,BIOBIO,LOS ANGELES,13218
344,SIC,SAN ANTONIO,EL QUISCO,13429
1300,SIC,TALAGANTE,EL MONTE,10394
37,AYSEN,COYHAIQUE,LAGO VERDE,12406
1349,SIC,BIO-BIO,LAJA,10246
409,SIC,VALPARAISO,QUINTERO,11671
60,AYSEN,CAPITAN PRAT,COCHRANE,11329
625,SIC,VALPARAISO,CONCON,11853
356,SIC,OSORNO,OSORNO,13380
506,SIC,BIOBIO,QUILLECO,13453
327,SIC,MELIPILLA,CURACAVI,11670
1462,SIC,CAUTIN,PITRUFQUEN,12596
1030,SIC,LINARES,LONGAVI,12295
1379,SIC,MALLECO,RENAICO,12390
1214,SIC,OSORNO,PURRANQUE,11812
1109,SIC,CAUTIN,PUCON,11290
70,MAGALLANES,MAGALLANES,PUNTA ARENAS,11393
1135,SIC,LLANQUIHUE,MAULLIN,10598
1160,SIC,CACHAPOAL,RENGO,10652
124,SIC,SANTIAGO,PUDAHUEL,13332
614,SIC,CACHAPOAL,PEUMO,10744
68,AYSEN,AYSEN,CISNES,10845
707,SIC,ELQUI,ANDACOLLO,12783
244,SIC,QUILLOTA,CALERA,10726
805,SIC,ELQUI,VICUNA,10496
896,SIC,VALDIVIA,PAILLACO,12063
659,SIC,CORDILLERA,PIRQUE,13378
227,SIC,VALPARAISO,VALPARAISO,10330
1008,SIC,BIOBIO,MULCHEN,11496
1210,SIC,NUBLE,PINTO,12473
1287,SIC,VALDIVIA,CORRAL,11286
1217,SIC,OSORNO,PURRANQUE,11614
1519,SING,ANTOFAGASTA,MEJILLONES,13243
872,SIC,TALAGANTE,TALAGANTE,10683
574,SIC,TALCA,CONSTITUCION,10805
1429,SIC,CACHAPOAL,SAN VICENTE,11145
502,SIC,BIOBIO,QUILLECO,13005
1476,SIC,BIOBIO,TUCAPEL,13551
1240,SIC,CHILOE,DALCAHUE,11861
252,SIC,BIOBIO,NEGRETE,11514
210,SIC,SANTIAGO,LO BARNECHEA,12059
776,SIC,CACHAPOAL,LAS CABRAS,13495
605,SIC,SAN FELIPE DE ACONCAGUA,LLAILLAY,11734
1216,SIC,OSORNO,PURRANQUE,12120
595,SIC,BIOBIO,NACIMIENTO,13244
104,SIC,CHILOE,ANCUD,12610
492,SIC,SANTIAGO,HUECHURABA,11627
1106,SIC,CURICO,LICANTEN,13713
1334,SIC,BIOBIO,QUILACO,12207
1189,SIC,SAN ANTONIO,SAN ANTONIO,10415
355,SIC,OSORNO,OSORNO,12816
483,SIC,SAN FELIPE DE ACONCAGUA,SAN FELIPE,11758
402,SIC,CACHAPOAL,REQUINOA,11460
856,SIC,CAUTIN,LONCOCHE,11724
293,SIC,CONCEPCION,TALCAHUANO,12059
1143,SIC,CAUTIN,NUEVA IMPERIAL,10453
1110,SIC,CAUTIN,PUCON,13773
912,SIC,CHOAPA,ILLAPEL,13366
1351,SIC,NUBLE,NIQUEN,10821
281,SIC,LLANQUIHUE,CALBUCO,12642
979,SIC,CACHAPOAL,DONIHUE,11807
778,SIC,CACHAPOAL,LAS CABRAS,13722
531,SIC,TALCA,TALCA,11196
85,MAGALLANES,TIERRA DEL FUEGO,PORVENIR,11739
216,SIC,CACHAPOAL,RANCAGUA,10710
99,SIC,CHILOE,ANCUD,10546
98,SIC,CHILOE,ANCUD,12409
987,SIC,CACHAPOAL,DONIHUE,11559
91,SIC,OSORNO,PUYEHUE,11253
1023,SIC,ELQUI,LA HIGUERA,12552
650,SIC,CONCEPCION,LOTA,11835
6,AYSEN,GENERAL CARRERA,RIO IBANEZ,13344
292,SIC,CONCEPCION,TALCAHUANO,12374
1464,SIC,VALDIVIA,LOS LAGOS,12408
1487,SIC,LLANQUIHUE,FRUTILLAR,12068
973,SIC,MELIPILLA,SAN PEDRO,11754
523,SIC,QUILLOTA,QUILLOTA,13126
1276,SIC,ARAUCO,CANETE,10455
1065,SIC,ARAUCO,LOS ALAMOS,10610
257,SIC,BIOBIO,NEGRETE,12964
708,SIC,ELQUI,ANDACOLLO,13422
842,SIC,MELIPILLA,ALHUE,12953
1085,SIC,CACHAPOAL,GRANEROS,12189
1166,SIC,LLANQUIHUE,COCHAMO,10876
233,SIC,VALPARAISO,VALPARAISO,13584
831,SIC,CONCEPCION,HUALPEN,10970
592,SIC,BIOBIO,NACIMIENTO,10109
1102,SIC,CURICO,LICANTEN,12205
201,SIC,CONCEPCION,CORONEL,13711
1560,SING,IQUIQUE,POZO ALMONTE,11849
648,SIC,CONCEPCION,LOTA,12750
139,SIC,SANTIAGO,CERRO NAVIA,13504
1570,SING,ANTOFAGASTA,SIERRA GORDA,13676
1449,SIC,CAUTIN,VILLARRICA,11170
1331,SIC,CACHAPOAL,MALLOA,12935
189,SIC,LOS ANDES,LOS ANDES,11023
1091,SIC,CHACABUCO,LAMPA,10038
693,SIC,SANTIAGO,ESTACION CENTRAL,10793
532,SIC,TALCA,TALCA,12854
1115,SIC,LINARES,PARRAL,13209
1368,SIC,ARAUCO,CURANILAHUE,12232
945,SIC,LIMARI,OVALLE,10800
1369,SIC,ARAUCO,CURANILAHUE,11683
1480,SIC,CONCEPCION,CHIGUAYANTE,13045
347,SIC,SAN ANTONIO,EL QUISCO,11303
484,SIC,SAN FELIPE DE ACONCAGUA,SAN FELIPE,10682
61,AYSEN,CAPITAN PRAT,COCHRANE,13635
403,SIC,CACHAPOAL,REQUINOA,10373
867,SIC,COLCHAGUA,CHIMBARONGO,12802
770,SIC,HUASCO,HUASCO,13341
1001,SIC,COLCHAGUA,PALMILLA,11446
1496,SING,TOCOPILLA,MARIA ELENA,13614
981,SIC,CACHAPOAL,DONIHUE,12678
463,SIC,BIOBIO,SANTA BARBARA,11986
1540,SING,PARINACOTA,PUTRE,13295
911,SIC,CHOAPA,ILLAPEL,10334
183,SIC,LINARES,COLBUN,11206
1321,SIC,LINARES,RETIRO,11527
1205,SIC,NUBLE,PINTO,11031
629,SIC,SAN ANTONIO,ALGARROBO,11096
1313,SIC,CHILOE,CHONCHI,11248
1100,SIC,CURICO,SAGRADA FAMILIA,13697
631,SIC,SAN ANTONIO,ALGARROBO,11328
515,SIC,QUILLOTA,QUILLOTA,11215
1053,SIC,QUILLOTA,NOGALES,11014
306,SIC,COPIAPO,CALDERA,10490
804,SIC,ELQUI,VICUNA,12613
318,SIC,CURICO,HUALANE,11597
533,SIC,SANTIAGO,LA REINA,13935
114,SIC,CONCEPCION,CONCEPCION,12098
364,SIC,CONCEPCION,SAN PEDRO DE LA PAZ,10753
1156,SIC,CACHAPOAL,RENGO,13697
28,AYSEN,PALENA,CHAITEN,10364
208,SIC,SANTIAGO,LO BARNECHEA,11075
616,SIC,MALLECO,CURACAUTIN,11139
660,SIC,CORDILLERA,PIRQUE,11463
322,SIC,MELIPILLA,CURACAVI,12651
516,SIC,QUILLOTA,QUILLOTA,10815
1081,SIC,ELQUI,LA SERENA,13629
501,SIC,BIOBIO,QUILLECO,11901
1154,SIC,CURICO,CURICO,12017
761,SIC,COLCHAGUA,SAN FERNANDO,12801
1050,SIC,BIO-BIO,ALTO BIOBIO,12888
1377,SIC,MALLECO,RENAICO,11683
1155,SIC,CACHAPOAL,RENGO,12485
239,SIC,COPIAPO,COPIAPO,10131
519,SIC,QUILLOTA,QUILLOTA,13725
430,SIC,CHACABUCO,TILTIL,10007
331,SIC,CORDILLERA,SAN JOSE DE MAIPO,13677
859,SIC,CAUQUENES,CHANCO,11909
274,SIC,SANTIAGO,QUILICURA,12286
249,SIC,QUILLOTA,CALERA,11357
381,SIC,MAIPO,BUIN,10772
420,SIC,NUBLE,CHILLAN,13978
819,SIC,CHACABUCO,COLINA,11076
582,SIC,ARAUCO,ARAUCO,12279
488,SIC,SANTIAGO,HUECHURABA,10939
452,SIC,SANTIAGO,MACUL,13817
793,SIC,BIOBIO,LAJA,12782
1585,SING,ARICA,CAMARONES,10274
936,SIC,LINARES,VILLA ALEGRE,10301
716,SIC,MAIPO,PAINE,10569
36,AYSEN,COYHAIQUE,COYHAIQUE,11488
1404,SIC,NUBLE,QUIRIHUE,11082
1362,SIC,PETORCA,PAPUDO,11730
90,MAGALLANES,ANTARTICA CHILENA,CABO DE HORNOS,11156
17,AYSEN,CAPITAN PRAT,O'HIGGINS,11586
1413,SIC,OSORNO,PUERTO OCTAY,11892
1223,SIC,SANTIAGO,CERRILLOS,11588
669,SIC,CHOAPA,CANELA,13323
972,SIC,MELIPILLA,SAN PEDRO,13908
919,SIC,CAUTIN,TEMUCO,12885
681,SIC,MALLECO,COLLIPULLI,11958
1179,SIC,CHOAPA,LOS VILOS,13152
903,SIC,VALDIVIA,PAILLACO,12497
988,SIC,VALPARAISO,VINA DEL MAR,12974
1433,SIC,SANTIAGO,RECOLETA,12763
253,SIC,BIOBIO,NEGRETE,12701
599,SIC,CARDENAL CARO,LITUECHE,12644
1082,SIC,ELQUI,LA SERENA,12212
1043,SIC,LLANQUIHUE,PUERTO VARAS,13205
1361,SIC,PETORCA,PAPUDO,13288
349,SIC,SANTIAGO,LA FLORIDA,12812
1129,SIC,LLANQUIHUE,MAULLIN,11765
1075,SIC,ELQUI,LA SERENA,13773
999,SIC,COLCHAGUA,PALMILLA,12451
1177,SIC,CHOAPA,LOS VILOS,13010
74,MAGALLANES,MAGALLANES,PUNTA ARENAS,12902
1273,SIC,MALLECO,TRAIGUEN,12414
1266,SIC,ARAUCO,LEBU,11216
731,SIC,ELQUI,COQUIMBO,11568
48,AYSEN,AYSEN,AYSEN,11416
182,SIC,LINARES,COLBUN,11416
561,SIC,BIOBIO,LOS ANGELES,13410
222,SIC,MAIPO,SAN BERNARDO,10946
179,SIC,CARDENAL CARO,MARCHIHUE,13963
1176,SIC,CHOAPA,LOS VILOS,10614
551,SIC,VALDIVIA,PANGUIPULLI,12426
141,SIC,SANTIAGO,CERRO NAVIA,10919
593,SIC,BIOBIO,NACIMIENTO,10078
836,SIC,LINARES,LINARES,10706
211,SIC,CACHAPOAL,RANCAGUA,11579
861,SIC,CAUQUENES,CHANCO,10951
834,SIC,CONCEPCION,HUALPEN,10314
1233,SIC,SANTIAGO,LO PRADO,11977
1536,SING,IQUIQUE,IQUIQUE,11096
174,SIC,CARDENAL CARO,MARCHIHUE,12530
995,SIC,VALPARAISO,VINA DEL MAR,11300
1269,SIC,MALLECO,TRAIGUEN,10927
1148,SIC,CAUTIN,NUEVA IMPERIAL,11603
647,SIC,CONCEPCION,LOTA,10555
158,SIC,MELIPILLA,MELIPILLA,12828
530,SIC,TALCA,TALCA,10527
212,SIC,CACHAPOAL,RANCAGUA,13690
93,SIC,OSORNO,PUYEHUE,11080
7,AYSEN,GENERAL CARRERA,RIO IBANEZ,13903
40,AYSEN,COYHAIQUE,LAGO VERDE,11376
188,SIC,MARGA MARGA,QUILPUE,11326
771,SIC,HUASCO,HUASCO,13844
942,SIC,LIMARI,OVALLE,12920
645,SIC,CONCEPCION,LOTA,13063
219,SIC,CACHAPOAL,RANCAGUA,12070
53,AYSEN,PALENA,PALENA,11367
1355,SIC,NUBLE,NIQUEN,11723
241,SIC,COPIAPO,COPIAPO,12741
496,SIC,SANTIAGO,HUECHURABA,10583
885,SIC,NUBLE,BULNES,10037
486,SIC,SAN FELIPE DE ACONCAGUA,SAN FELIPE,12945
788,SIC,BIOBIO,LAJA,13819
56,AYSEN,CAPITAN PRAT,COCHRANE,10555
419,SIC,BIOBIO,ALTO BIOBIO,12150
1491,SIC,LLANQUIHUE,FRUTILLAR,10956
363,SIC,COPIAPO,TIERRA AMARILLA,12243
136,SIC,LINARES,YERBAS BUENAS,11498
1127,SIC,TALAGANTE,PADRE HURTADO,12377
692,SIC,SANTIAGO,ESTACION CENTRAL,13189
1241,SIC,CHILOE,DALCAHUE,10723
1094,SIC,CHACABUCO,LAMPA,13379
1335,SIC,BIOBIO,QUILACO,12087
1336,SIC,BIOBIO,QUILACO,12243
526,SIC,CAUTIN,PADRE LAS CASAS,11810
474,SIC,BIOBIO,CABRERO,10489
1525,SING,EL LOA,CALAMA,11057
246,SIC,QUILLOTA,CALERA,11752
1591,SING,ARICA,CAMARONES,10648
1371,SIC,SANTIAGO,VITACURA,10575
626,SIC,VALPARAISO,CONCON,13652
1489,SIC,LLANQUIHUE,FRUTILLAR,12623
16,AYSEN,CAPITAN PRAT,O'HIGGINS,10743
120,SIC,SANTIAGO,PUDAHUEL,13876
1559,SING,IQUIQUE,POZO ALMONTE,13702
130,SIC,LINARES,YERBAS BUENAS,11499
414,SIC,BIOBIO,ALTO BIOBIO,10684
336,SIC,HUASCO,VALLENAR,10184
581,SIC,SANTIAGO,RENCA,10906
1134,SIC,LLANQUIHUE,MAULLIN,13924
710,SIC,ELQUI,ANDACOLLO,13817
324,SIC,MELIPILLA,CURACAVI,12509
1575,SING,ANTOFAGASTA,SIERRA GORDA,10151
1397,SIC,CAUTIN,GORBEA,11893
1546,SING,PARINACOTA,PUTRE,13809
547,SIC,VALDIVIA,PANGUIPULLI,13611
1117,SIC,LINARES,PARRAL,11684
1427,SIC,CACHAPOAL,SAN VICENTE,13324
980,SIC,CACHAPOAL,DONIHUE,13960
260,SIC,BIOBIO,NEGRETE,13552
450,SIC,SANTIAGO,MACUL,11330
63,AYSEN,AYSEN,CISNES,10087
1366,SIC,ARAUCO,CURANILAHUE,10738
220,SIC,CACHAPOAL,RANCAGUA,12017
1595,SING,EL LOA,SAN PEDRO DE ATACAMA,10080
868,SIC,TALAGANTE,TALAGANTE,10645
747,SIC,CONCEPCION,TOME,12326
549,SIC,VALDIVIA,PANGUIPULLI,11299
133,SIC,LINARES,YERBAS BUENAS,10525
1561,SING,IQUIQUE,ALTO HOSPICIO,11716
642,SIC,CORDILLERA,PUENTE ALTO,12065
1069,SIC,HUASCO,FREIRINA,12126
164,SIC,CONCEPCION,PENCO,10077
1356,SIC,NUBLE,NIQUEN,10952
38,AYSEN,COYHAIQUE,LAGO VERDE,12633
290,SIC,CONCEPCION,TALCAHUANO,11023
952,SIC,SANTIAGO,LO ESPEJO,12070
1132,SIC,LLANQUIHUE,MAULLIN,11027
223,SIC,MAIPO,SAN BERNARDO,12829
1506,SING,ARICA,ARICA,10555
1198,SIC,LIMARI,MONTE PATRIA,13591
80,MAGALLANES,TIERRA DEL FUEGO,PORVENIR,12503
1339,SIC,BIOBIO,QUILACO,12712
1242,SIC,CHILOE,DALCAHUE,10771
536,SIC,SANTIAGO,LA REINA,10622
717,SIC,MAIPO,PAINE,12774
808,SIC,SANTIAGO,SANTIAGO,13217
176,SIC,CARDENAL CARO,MARCHIHUE,11441
264,SIC,CACHAPOAL,MACHALI,12616
436,SIC,RANCO,LA UNION,12427
748,SIC,CONCEPCION,TOME,10085
1058,SIC,QUILLOTA,NOGALES,13517
1265,SIC,ARAUCO,LEBU,13208
1380,SIC,MALLECO,RENAICO,10491
1444,SIC,CHILOE,CASTRO,12713
1257,SIC,CAUQUENES,CAUQUENES,12144
1028,SIC,LINARES,LONGAVI,10867
470,SIC,BIOBIO,CABRERO,11126
231,SIC,VALPARAISO,VALPARAISO,13265
255,SIC,BIOBIO,NEGRETE,12209
722,SIC,CHOAPA,SALAMANCA,11075
1392,SIC,CAUTIN,GORBEA,12418
797,SIC,ELQUI,VICUNA,10576
1112,SIC,LINARES,PARRAL,13436
1482,SIC,CONCEPCION,CHIGUAYANTE,12146
1428,SIC,CACHAPOAL,SAN VICENTE,12318
993,SIC,VALPARAISO,VINA DEL MAR,12446
525,SIC,CAUTIN,PADRE LAS CASAS,10299
685,SIC,CHILOE,QUELLON,11733
700,SIC,SAN FELIPE DE ACONCAGUA,CATEMU,10980
1122,SIC,PETORCA,CABILDO,13050
1239,SIC,CHILOE,DALCAHUE,12727
116,SIC,TALCA,SAN CLEMENTE,13784
862,SIC,CAUQUENES,CHANCO,13554
725,SIC,CHOAPA,SALAMANCA,10788
589,SIC,VALDIVIA,MARIQUINA,13739
83,MAGALLANES,TIERRA DEL FUEGO,PORVENIR,12407
335,SIC,HUASCO,VALLENAR,10895
975,SIC,MELIPILLA,SAN PEDRO,12704
738,SIC,LIMARI,COMBARBALA,10581
448,SIC,SANTIAGO,MACUL,13592
21,AYSEN,CAPITAN PRAT,O'HIGGINS,12895
1138,SIC,COLCHAGUA,SANTA CRUZ,10968
953,SIC,SANTIAGO,LO ESPEJO,11988
960,SIC,SANTIAGO,LO ESPEJO,11544
132,SIC,LINARES,YERBAS BUENAS,12557
1203,SIC,NUBLE,PINTO,11731
214,SIC,CACHAPOAL,RANCAGUA,10558
873,SIC,TALAGANTE,TALAGANTE,10952
1340,SIC,BIOBIO,QUILACO,10925
1531,SING,IQUIQUE,IQUIQUE,12274
775,SIC,CACHAPOAL,LAS CABRAS,12566
1175,SIC,CHOAPA,LOS VILOS,10358
1074,SIC,ELQUI,LA SERENA,12529
1197,SIC,COLCHAGUA,NANCAGUA,12140
1151,SIC,CURICO,CURICO,10345
1080,SIC,ELQUI,LA SERENA,13493
1516,SING,ANTOFAGASTA,ANTOFAGASTA,10733
698,SIC,SANTIAGO,ESTACION CENTRAL,10658
140,SIC,SANTIAGO,CERRO NAVIA,12190
620,SIC,MALLECO,CURACAUTIN,11241
893,SIC,SAN ANTONIO,EL TABO,11802
1145,SIC,CAUTIN,NUEVA IMPERIAL,13793
449,SIC,SANTIAGO,MACUL,11844
64,AYSEN,AYSEN,CISNES,12783
769,SIC,CURICO,TENO,12312
984,SIC,CACHAPOAL,DONIHUE,13323
1191,SIC,SAN ANTONIO,SAN ANTONIO,13923
1589,SING,ARICA,CAMARONES,12412
265,SIC,CACHAPOAL,MACHALI,13366
934,SIC,NUBLE,SAN CARLOS,13949
145,SIC,SANTIAGO,CERRO NAVIA,13807
846,SIC,VALPARAISO,PUCHUNCAVI,12811
9,AYSEN,GENERAL CARRERA,RIO IBANEZ,11021
1402,SIC,NUBLE,QUIRIHUE,12690
928,SIC,PETORCA,ZAPALLAR,12014
1045,SIC,LLANQUIHUE,PUERTO VARAS,10159
1004,SIC,BIOBIO,MULCHEN,10618
319,SIC,CURICO,HUALANE,10737
1070,SIC,HUASCO,FREIRINA,13182
1285,SIC,VALDIVIA,CORRAL,13375
948,SIC,LIMARI,OVALLE,12221
1264,SIC,ARAUCO,LEBU,12198
524,SIC,CAUTIN,PADRE LAS CASAS,12824
193,SIC,LOS ANDES,LOS ANDES,11910
875,SIC,TALAGANTE,TALAGANTE,11164
818,SIC,MALLECO,LOS SAUCES,13377
598,SIC,CARDENAL CARO,LITUECHE,11987
1383,SIC,MALLECO,ANGOL,11523
633,SIC,SAN ANTONIO,ALGARROBO,13549
77,MAGALLANES,ULTIMA ESPERANZA,NATALES,12985
680,SIC,MALLECO,COLLIPULLI,11518
573,SIC,TALCA,CONSTITUCION,13580
537,SIC,SANTIAGO,LA REINA,11882
1211,SIC,NUBLE,PINTO,11827
558,SIC,HUASCO,ALTO DEL CARMEN,12269
1434,SIC,SANTIAGO,RECOLETA,10183
59,AYSEN,CAPITAN PRAT,COCHRANE,10150
504,SIC,BIOBIO,QUILLECO,11465
881,SIC,NUBLE,BULNES,10447
853,SIC,CAUTIN,LONCOCHE,11454
1296,SIC,CURICO,MOLINA,11193
938,SIC,LINARES,VILLA ALEGRE,13372
1125,SIC,TALAGANTE,PADRE HURTADO,13406
1557,SING,IQUIQUE,POZO ALMONTE,11072
296,SIC,SANTIAGO,LA CISTERNA,10486
1311,SIC,COLCHAGUA,PLACILLA,10181
1388,SIC,SANTIAGO,LA PINTANA,10624
991,SIC,VALPARAISO,VINA DEL MAR,11056
897,SIC,VALDIVIA,PAILLACO,12991
75,MAGALLANES,ULTIMA ESPERANZA,NATALES,12066
600,SIC,CARDENAL CARO,LITUECHE,11618
569,SIC,BIOBIO,LOS ANGELES,11507
546,SIC,CACHAPOAL,MOSTAZAL,10388
400,SIC,CACHAPOAL,REQUINOA,10187
786,SIC,LINARES,SAN JAVIER,11364
394,SIC,NUBLE,RANQUIL,12748
203,SIC,SANTIAGO,LO BARNECHEA,12234
1007,SIC,BIOBIO,MULCHEN,13122
471,SIC,BIOBIO,CABRERO,13574
1574,SING,ANTOFAGASTA,SIERRA GORDA,13789
180,SIC,LINARES,COLBUN,13737
522,SIC,QUILLOTA,QUILLOTA,10330
866,SIC,COLCHAGUA,CHIMBARONGO,13331
228,SIC,VALPARAISO,VALPARAISO,10467
782,SIC,CACHAPOAL,LAS CABRAS,13899
760,SIC,COLCHAGUA,SAN FERNANDO,13887
821,SIC,CHACABUCO,COLINA,13326
1222,SIC,SANTIAGO,CERRILLOS,11691
480,SIC,SAN FELIPE DE ACONCAGUA,SAN FELIPE,10088
250,SIC,QUILLOTA,CALERA,11150
202,SIC,SANTIAGO,LO BARNECHEA,12070
1598,SING,EL LOA,SAN PEDRO DE ATACAMA,11617
728,SIC,CHOAPA,SALAMANCA,13443
902,SIC,VALDIVIA,PAILLACO,12704
302,SIC,SANTIAGO,LA CISTERNA,11166
913,SIC,CHOAPA,ILLAPEL,12021
646,SIC,CONCEPCION,LOTA,11918
1163,SIC,LLANQUIHUE,COCHAMO,13754
232,SIC,VALPARAISO,VALPARAISO,10558
426,SIC,NUBLE,CHILLAN,10881
773,SIC,HUASCO,HUASCO,12500
459,SIC,BIOBIO,SANTA BARBARA,11768
1119,SIC,PETORCA,CABILDO,13253
1291,SIC,CURICO,MOLINA,13948
907,SIC,CHOAPA,ILLAPEL,13647
315,SIC,CURICO,HUALANE,13684
476,SIC,BIOBIO,CABRERO,13526
218,SIC,CACHAPOAL,RANCAGUA,10049
1161,SIC,CACHAPOAL,RENGO,13959
1526,SING,EL LOA,CALAMA,13987
1167,SIC,LLANQUIHUE,COCHAMO,10913
1386,SIC,MALLECO,ANGOL,10397
951,SIC,LIMARI,OVALLE,12867
129,SIC,LINARES,YERBAS BUENAS,11891
927,SIC,PETORCA,ZAPALLAR,12077
303,SIC,SANTIAGO,LA CISTERNA,13693
1105,SIC,CURICO,LICANTEN,11032
445,SIC,LIMARI,PUNITAQUI,13839
658,SIC,CORDILLERA,PIRQUE,11733
607,SIC,SAN FELIPE DE ACONCAGUA,LLAILLAY,12339
431,SIC,CHACABUCO,TILTIL,11118
974,SIC,MELIPILLA,SAN PEDRO,10586
630,SIC,SAN ANTONIO,ALGARROBO,11407
1382,SIC,MALLECO,RENAICO,11136
346,SIC,SAN ANTONIO,EL QUISCO,13256
1508,SING,ANTOFAGASTA,ANTOFAGASTA,11178
242,SIC,COPIAPO,COPIAPO,13881
259,SIC,BIOBIO,NEGRETE,11742
367,SIC,CONCEPCION,SAN PEDRO DE LA PAZ,12528
779,SIC,CACHAPOAL,LAS CABRAS,13752
1088,SIC,CACHAPOAL,GRANEROS,11535
733,SIC,ELQUI,COQUIMBO,13425
1409,SIC,OSORNO,PUERTO OCTAY,11795
1182,SIC,NUBLE,YUNGAY,11394
1333,SIC,BIOBIO,QUILACO,12348
1224,SIC,SANTIAGO,CERRILLOS,11169
823,SIC,CHACABUCO,COLINA,13928
1326,SIC,CACHAPOAL,MALLOA,10520
89,MAGALLANES,ANTARTICA CHILENA,CABO DE HORNOS,10985
1123,SIC,PETORCA,CABILDO,12876
1133,SIC,LLANQUIHUE,MAULLIN,10224
469,SIC,BIOBIO,CABRERO,12331
1095,SIC,CHACABUCO,LAMPA,10733
1553,SING,TOCOPILLA,TOCOPILLA,11816
914,SIC,NUBLE,CHILLAN VIEJO,13374
1281,SIC,ARAUCO,CANETE,10475
588,SIC,VALDIVIA,MARIQUINA,10266
144,SIC,SANTIAGO,CERRO NAVIA,11052
131,SIC,LINARES,YERBAS BUENAS,13754
510,SIC,CHANARAL,DIEGO DE ALMAGRO,12707
1543,SING,PARINACOTA,PUTRE,10536
313,SIC,RANCO,RIO BUENO,10199
977,SIC,MELIPILLA,SAN PEDRO,12581
1590,SING,ARICA,CAMARONES,12014
827,SIC,CONCEPCION,HUALPEN,10045
308,SIC,COPIAPO,CALDERA,12140
1329,SIC,CACHAPOAL,MALLOA,11735
1031,SIC,LINARES,LONGAVI,12408
920,SIC,CAUTIN,TEMUCO,13636
1220,SIC,OSORNO,PURRANQUE,13390
746,SIC,CONCEPCION,TOME,10307
1512,SING,ANTOFAGASTA,ANTOFAGASTA,13544
649,SIC,CONCEPCION,LOTA,13692
1344,SIC,BIO-BIO,LAJA,11154
863,SIC,CAUQUENES,CHANCO,11992
1373,SIC,SANTIAGO,VITACURA,13883
41,AYSEN,COYHAIQUE,LAGO VERDE,10367
1346,SIC,BIO-BIO,LAJA,11674
1187,SIC,SAN ANTONIO,SAN ANTONIO,13726
518,SIC,QUILLOTA,QUILLOTA,10793
475,SIC,BIOBIO,CABRERO,10459
1231,SIC,CHANARAL,CHANARAL,13088
1370,SIC,ARAUCO,CURANILAHUE,13821
652,SIC,LOS ANDES,SAN ESTEBAN,12937
734,SIC,ELQUI,COQUIMBO,12592
446,SIC,LIMARI,PUNITAQUI,12810
740,SIC,LIMARI,COMBARBALA,10290
870,SIC,TALAGANTE,TALAGANTE,10310
1270,SIC,MALLECO,TRAIGUEN,13133
1020,SIC,ELQUI,LA HIGUERA,10888
342,SIC,HUASCO,VALLENAR,10293
1226,SIC,SANTIAGO,CERRILLOS,12101
1246,SIC,VALPARAISO,CASABLANCA,12968
73,MAGALLANES,MAGALLANES,PUNTA ARENAS,13858
634,SIC,SAN ANTONIO,ALGARROBO,11312
1247,SIC,VALPARAISO,CASABLANCA,10502
121,SIC,SANTIAGO,PUDAHUEL,11354
772,SIC,HUASCO,HUASCO,10045
173,SIC,CARDENAL CARO,MARCHIHUE,13446
391,SIC,SANTIAGO,MAIPU,13073
816,SIC,MALLECO,LOS SAUCES,12818
425,SIC,NUBLE,CHILLAN,10311
521,SIC,QUILLOTA,QUILLOTA,12739
410,SIC,VALPARAISO,QUINTERO,13683
1360,SIC,PETORCA,PAPUDO,12813
1569,SING,ANTOFAGASTA,SIERRA GORDA,10033
240,SIC,COPIAPO,COPIAPO,11564
1583,SING,ARICA,CAMARONES,13948
1545,SING,PARINACOTA,PUTRE,10066
1473,SIC,BIOBIO,TUCAPEL,13274
639,SIC,CORDILLERA,PUENTE ALTO,11493
1481,SIC,CONCEPCION,CHIGUAYANTE,13135
1520,SING,ANTOFAGASTA,MEJILLONES,13404
1529,SING,IQUIQUE,IQUIQUE,12191
1514,SING,ANTOFAGASTA,ANTOFAGASTA,11873
1298,SIC,TALAGANTE,EL MONTE,10841
95,SIC,OSORNO,PUYEHUE,13217
309,SIC,COPIAPO,CALDERA,10497
1350,SIC,NUBLE,NIQUEN,13305
1056,SIC,QUILLOTA,NOGALES,11444
783,SIC,LINARES,SAN JAVIER,12651
332,SIC,CORDILLERA,SAN JOSE DE MAIPO,10620
439,SIC,RANCO,LA UNION,12960
321,SIC,MELIPILLA,CURACAVI,11155
1416,SIC,SAN FELIPE DE ACONCAGUA,PANQUEHUE,10599
1541,SING,PARINACOTA,PUTRE,10129
1353,SIC,NUBLE,NIQUEN,13765
209,SIC,SANTIAGO,LO BARNECHEA,10096
316,SIC,CURICO,HUALANE,11708
1199,SIC,LIMARI,MONTE PATRIA,10398
187,SIC,MARGA MARGA,QUILPUE,13383
1227,SIC,SANTIAGO,CERRILLOS,11763
1345,SIC,BIO-BIO,LAJA,10183
1256,SIC,CAUQUENES,CAUQUENES,13237
301,SIC,SANTIAGO,LA CISTERNA,10416
108,SIC,CONCEPCION,CONCEPCION,13960
4,AYSEN,GENERAL CARRERA,CHILE CHICO,10165
411,SIC,VALPARAISO,QUINTERO,12894
442,SIC,LIMARI,PUNITAQUI,13208
339,SIC,HUASCO,VALLENAR,12264
877,SIC,NUBLE,BULNES,11458
229,SIC,VALPARAISO,VALPARAISO,10050
86,MAGALLANES,TIERRA DEL FUEGO,PORVENIR,11696
1466,SIC,VALDIVIA,LOS LAGOS,12258
1014,SIC,SANTIAGO,QUINTA NORMAL,12830
937,SIC,LINARES,VILLA ALEGRE,11397
806,SIC,SANTIAGO,SANTIAGO,10992
1084,SIC,CACHAPOAL,GRANEROS,12606
172,SIC,CARDENAL CARO,MARCHIHUE,10993
503,SIC,BIOBIO,QUILLECO,11028
1159,SIC,CACHAPOAL,RENGO,10559
437,SIC,RANCO,LA UNION,11387
1283,SIC,VALDIVIA,CORRAL,13312
314,SIC,RANCO,RIO BUENO,11738
887,SIC,SAN ANTONIO,EL TABO,13261
320,SIC,MELIPILLA,CURACAVI,11613
1501,SING,TOCOPILLA,MARIA ELENA,10891
1394,SIC,CAUTIN,GORBEA,13584
958,SIC,SANTIAGO,LO ESPEJO,10894
732,SIC,ELQUI,COQUIMBO,13614
175,SIC,CARDENAL CARO,MARCHIHUE,12898
508,SIC,CHANARAL,DIEGO DE ALMAGRO,13369
1284,SIC,VALDIVIA,CORRAL,12844
1026,SIC,ELQUI,LA HIGUERA,10628
932,SIC,NUBLE,SAN CARLOS,13774
372,SIC,CONCEPCION,SAN PEDRO DE LA PAZ,11711
373,SIC,CONCEPCION,SAN PEDRO DE LA PAZ,12283
603,SIC,SAN FELIPE DE ACONCAGUA,LLAILLAY,10914
29,AYSEN,PALENA,CHAITEN,10105
1090,SIC,CHACABUCO,LAMPA,10600
1255,SIC,CAUQUENES,CAUQUENES,10887
1381,SIC,MALLECO,RENAICO,13229
396,SIC,NUBLE,RANQUIL,12095
1580,SING,IQUIQUE,PICA,13926
966,SIC,SANTIAGO,SAN JOAQUIN,11805
441,SIC,LIMARI,PUNITAQUI,10194
1260,SIC,ARAUCO,LEBU,11876
407,SIC,VALPARAISO,QUINTERO,13063
1292,SIC,CURICO,MOLINA,12764
929,SIC,NUBLE,SAN CARLOS,12433
562,SIC,BIOBIO,LOS ANGELES,11166
1200,SIC,LIMARI,MONTE PATRIA,11166
1497,SING,TOCOPILLA,MARIA ELENA,11272
1209,SIC,NUBLE,PINTO,11181
1037,SIC,CACHAPOAL,COLTAUCO,10896
493,SIC,SANTIAGO,HUECHURABA,11826
1229,SIC,CHANARAL,CHANARAL,11815
1180,SIC,NUBLE,YUNGAY,11291
641,SIC,CORDILLERA,PUENTE ALTO,13953
97,SIC,CHILOE,ANCUD,12055
560,SIC,BIOBIO,LOS ANGELES,11067
1207,SIC,NUBLE,PINTO,11463
125,SIC,COLCHAGUA,LOLOL,12312
571,SIC,TALCA,CONSTITUCION,10493
1003,SIC,BIOBIO,MULCHEN,10251
1532,SING,IQUIQUE,IQUIQUE,12308
1357,SIC,NUBLE,NIQUEN,12927
1108,SIC,CAUTIN,PUCON,13244
254,SIC,BIOBIO,NEGRETE,13052
